n,alpha,beta,density,seed,base_cost,my_cost,delta_base,gap_perc,status,time
50,0,0.5,0.2,42,53.72,15.04,38.67,71.99,BEAT BASE,1.9576
50,0,0.5,0.5,42,38.35,7.90,30.45,79.39,BEAT BASE,1.4857
50,0,0.5,1.0,42,35.71,5.45,30.26,84.74,BEAT BASE,1.4760
50,0,1,0.2,42,53.72,15.19,38.53,71.72,BEAT BASE,1.5206
50,0,1,0.5,42,38.35,7.83,30.52,79.58,BEAT BASE,1.5347
50,0,1,1.0,42,35.71,5.58,30.13,84.39,BEAT BASE,1.5413
50,0,2,0.2,42,53.72,15.22,38.50,71.67,BEAT BASE,1.5477
50,0,2,0.5,42,38.35,7.85,30.50,79.54,BEAT BASE,1.5165
50,0,2,1.0,42,35.71,5.45,30.26,84.74,BEAT BASE,1.4751
50,0,4,0.2,42,53.72,15.20,38.52,71.71,BEAT BASE,1.5125
50,0,4,0.5,42,38.35,7.70,30.65,79.91,BEAT BASE,1.5311
50,0,4,1.0,42,35.71,5.54,30.17,84.48,BEAT BASE,1.4695
50,1.0,0.5,0.2,42,1121.83,870.86,250.98,22.37,BEAT BASE,20.7557
50,1.0,0.5,0.5,42,817.17,649.64,167.54,20.50,BEAT BASE,19.6746
50,1.0,0.5,1.0,42,646.43,562.46,83.97,12.99,BEAT BASE,18.3352
50,1.0,1,0.2,42,12897.33,12887.42,9.91,0.08,BEAT BASE,14.7948
50,1.0,1,0.5,42,9408.58,9399.22,9.36,0.10,BEAT BASE,14.8499
50,1.0,1,1.0,42,8662.89,8658.59,4.30,0.05,BEAT BASE,14.6919
50,1.0,2,0.2,42,2623731.82,19247.06,2604484.76,99.27,BEAT BASE,0.5233
50,1.0,2,0.5,42,1876144.04,12372.20,1863771.84,99.34,BEAT BASE,0.1519
50,1.0,2,1.0,42,2121786.14,10328.92,2111457.23,99.51,BEAT BASE,0.0261
50,1.0,4,0.2,42,232213155897.16,15734.42,232213140162.74,100.00,BEAT BASE,0.0312
50,1.0,4,0.5,42,134559836260.82,8575.34,134559827685.48,100.00,BEAT BASE,0.0263
50,1.0,4,1.0,42,207399995524.65,7300.26,207399988224.39,100.00,BEAT BASE,0.0280
50,3.0,0.5,0.2,42,1903.75,1495.49,408.26,21.45,BEAT BASE,20.4121
50,3.0,0.5,0.5,42,1387.31,1106.78,280.53,20.22,BEAT BASE,19.0176
50,3.0,0.5,1.0,42,1093.52,964.45,129.07,11.80,BEAT BASE,18.5029
50,3.0,1,0.2,42,38584.55,38575.48,9.07,0.02,BEAT BASE,14.9107
50,3.0,1,0.5,42,28149.04,28141.79,7.25,0.03,BEAT BASE,14.5096
50,3.0,1,1.0,42,25917.26,25914.67,2.60,0.01,BEAT BASE,15.0127
50,3.0,2,0.2,42,23613156.68,57741.25,23555415.43,99.76,BEAT BASE,0.1645
50,3.0,2,0.5,42,16884989.53,37117.00,16847872.54,99.78,BEAT BASE,0.1774
50,3.0,2,1.0,42,19095789.62,30987.16,19064802.46,99.84,BEAT BASE,0.0542
50,3.0,4,0.2,42,18809265623372.57,47204.13,18809265576168.45,100.00,BEAT BASE,0.0734
50,3.0,4,0.5,42,10899346734058.20,25726.22,10899346708331.98,100.00,BEAT BASE,0.0580
50,3.0,4,1.0,42,16799399634640.11,21901.77,16799399612738.34,100.00,BEAT BASE,0.0620
100,0,0.5,0.2,42,107.50,18.74,88.76,82.57,BEAT BASE,2.9078
100,0,0.5,0.5,42,76.83,11.36,65.47,85.22,BEAT BASE,2.8505
100,0,0.5,1.0,42,74.45,8.06,66.39,89.18,BEAT BASE,2.8170
100,0,1,0.2,42,107.50,18.97,88.54,82.36,BEAT BASE,2.9061
100,0,1,0.5,42,76.83,11.14,65.69,85.50,BEAT BASE,2.8355
100,0,1,1.0,42,74.45,8.01,66.44,89.24,BEAT BASE,2.8171
100,0,2,0.2,42,107.50,18.33,89.17,82.95,BEAT BASE,2.9440
100,0,2,0.5,42,76.83,11.01,65.82,85.67,BEAT BASE,2.8800
100,0,2,1.0,42,74.45,8.13,66.33,89.08,BEAT BASE,2.8073
100,0,4,0.2,42,107.50,18.22,89.28,83.05,BEAT BASE,2.9264
100,0,4,0.5,42,76.83,11.23,65.60,85.39,BEAT BASE,2.8348
100,0,4,1.0,42,74.45,8.01,66.45,89.25,BEAT BASE,2.8108
100,1.0,0.5,0.2,42,2231.05,1565.53,665.51,29.83,BEAT BASE,37.0075
100,1.0,0.5,0.5,42,1535.71,1169.05,366.66,23.88,BEAT BASE,35.0062
100,1.0,0.5,1.0,42,1292.63,1065.82,226.82,17.55,BEAT BASE,34.3362
100,1.0,1,0.2,42,25266.41,25238.80,27.61,0.11,BEAT BASE,28.4546
100,1.0,1,0.5,42,18811.32,18798.17,13.16,0.07,BEAT BASE,29.1168
100,1.0,1,1.0,42,18266.19,18256.06,10.12,0.06,BEAT BASE,29.0191
100,1.0,2,0.2,42,5334401.93,36288.53,5298113.40,99.32,BEAT BASE,0.2384
100,1.0,2,0.5,42,4696149.78,21536.99,4674612.78,99.54,BEAT BASE,0.3055
100,1.0,2,1.0,42,5404978.09,19173.79,5385804.30,99.65,BEAT BASE,0.2739
100,1.0,4,0.2,42,501897577289.03,28590.30,501897548698.73,100.00,BEAT BASE,0.2934
100,1.0,4,0.5,42,564325723705.09,14674.14,564325709030.95,100.00,BEAT BASE,0.2677
100,1.0,4,1.0,42,793337760921.43,13259.48,793337747661.95,100.00,BEAT BASE,0.1943
100,3.0,0.5,0.2,42,3785.59,2638.22,1147.37,30.31,BEAT BASE,37.1036
100,3.0,0.5,0.5,42,2603.69,1995.46,608.23,23.36,BEAT BASE,34.9487
100,3.0,0.5,1.0,42,2184.40,1830.94,353.46,16.18,BEAT BASE,33.4853
100,3.0,1,0.2,42,75584.21,75556.12,28.09,0.04,BEAT BASE,28.1472
100,3.0,1,0.5,42,56280.31,56268.80,11.50,0.02,BEAT BASE,29.1284
100,3.0,1,1.0,42,54649.65,54643.16,6.49,0.01,BEAT BASE,28.7567
100,3.0,2,0.2,42,48008757.33,108864.09,47899893.24,99.77,BEAT BASE,0.3035
100,3.0,2,0.5,42,42264733.36,64610.40,42200122.96,99.85,BEAT BASE,0.3741
100,3.0,2,1.0,42,48644207.18,57521.93,48586685.24,99.88,BEAT BASE,0.3417
100,3.0,4,0.2,42,40653703751811.27,85771.92,40653703666039.35,100.00,BEAT BASE,0.3836
100,3.0,4,0.5,42,45710383613965.55,44022.48,45710383569943.07,100.00,BEAT BASE,0.3861
100,3.0,4,1.0,42,64260358628679.82,39780.89,64260358588898.93,100.00,BEAT BASE,0.3748
200,0,0.5,0.2,42,173.06,25.10,147.96,85.50,BEAT BASE,10.7175
200,0,0.5,0.5,42,152.98,15.70,137.28,89.74,BEAT BASE,10.3954
200,0,0.5,1.0,42,150.57,10.82,139.75,92.81,BEAT BASE,9.8598
200,0,1,0.2,42,173.06,26.24,146.82,84.84,BEAT BASE,10.8969
200,0,1,0.5,42,152.98,15.64,137.34,89.77,BEAT BASE,10.7251
200,0,1,1.0,42,150.57,10.86,139.71,92.79,BEAT BASE,9.7792
200,0,2,0.2,42,173.06,25.30,147.76,85.38,BEAT BASE,10.9298
200,0,2,0.5,42,152.98,15.57,137.41,89.82,BEAT BASE,10.5840
200,0,2,1.0,42,150.57,10.90,139.67,92.76,BEAT BASE,9.7990
200,0,4,0.2,42,173.06,25.92,147.14,85.02,BEAT BASE,10.6050
200,0,4,0.5,42,152.98,15.52,137.46,89.86,BEAT BASE,10.7926
200,0,4,1.0,42,150.57,10.88,139.69,92.78,BEAT BASE,10.1480
200,1.0,0.5,0.2,42,3986.04,2875.67,1110.38,27.86,BEAT BASE,116.5786
200,1.0,0.5,0.5,42,3129.19,2294.89,834.30,26.66,BEAT BASE,113.6656
200,1.0,0.5,1.0,42,2632.67,2062.52,570.15,21.66,BEAT BASE,104.2085
200,1.0,1,0.2,42,42318.66,42286.98,31.68,0.07,BEAT BASE,94.0064
200,1.0,1,0.5,42,37330.08,37299.41,30.67,0.08,BEAT BASE,91.5678
200,1.0,1,1.0,42,36502.65,36461.82,40.83,0.11,BEAT BASE,86.0426
200,1.0,2,0.2,42,7634824.48,49785.65,7585038.82,99.35,BEAT BASE,0.4523
200,1.0,2,0.5,42,8421523.23,37245.08,8384278.14,99.56,BEAT BASE,0.7160
200,1.0,2,1.0,42,9987325.62,31087.56,9956238.07,99.69,BEAT BASE,0.6084
200,1.0,4,0.2,42,577281962094.35,34253.72,577281927840.62,100.00,BEAT BASE,0.5597
200,1.0,4,0.5,42,896178446437.20,24728.17,896178421709.03,100.00,BEAT BASE,0.5899
200,1.0,4,1.0,42,1194412562104.29,19309.95,1194412542794.34,100.00,BEAT BASE,0.5916
200,3.0,0.5,0.2,42,6777.34,4931.51,1845.83,27.24,BEAT BASE,118.8767
200,3.0,0.5,0.5,42,5307.93,3933.14,1374.79,25.90,BEAT BASE,110.0270
200,3.0,0.5,1.0,42,4449.69,3544.36,905.33,20.35,BEAT BASE,80.4885
200,3.0,1,0.2,42,126609.85,126576.54,33.31,0.03,BEAT BASE,87.6260
200,3.0,1,0.5,42,111684.27,111659.20,25.08,0.02,BEAT BASE,94.1044
200,3.0,1,1.0,42,109206.81,109180.90,25.91,0.02,BEAT BASE,95.9859
200,3.0,2,0.2,42,68712035.78,149356.83,68562678.95,99.78,BEAT BASE,0.5927
200,3.0,2,0.5,42,75792485.21,111735.91,75680749.31,99.85,BEAT BASE,0.7734
200,3.0,2,1.0,42,89884726.02,93261.38,89791464.64,99.90,BEAT BASE,0.7258
200,3.0,4,0.2,42,46759838915796.80,102764.21,46759838813032.59,100.00,BEAT BASE,0.7415
200,3.0,4,0.5,42,72590454149174.84,74186.45,72590454074988.39,100.00,BEAT BASE,0.7626
200,3.0,4,1.0,42,96747417518401.86,57927.75,96747417460474.11,100.00,BEAT BASE,0.7810
500,0,0.5,0.2,42,411.17,38.32,372.85,90.68,BEAT BASE,0.8707
500,0,0.5,0.5,42,387.25,23.95,363.30,93.82,BEAT BASE,0.6277
500,0,0.5,1.0,42,385.66,16.75,368.91,95.66,BEAT BASE,0.7461
500,0,1,0.2,42,411.17,37.99,373.18,90.76,BEAT BASE,0.4225
500,0,1,0.5,42,387.25,23.91,363.33,93.82,BEAT BASE,0.7956
500,0,1,1.0,42,385.66,16.80,368.86,95.64,BEAT BASE,0.7162
500,0,2,0.2,42,411.17,37.79,373.39,90.81,BEAT BASE,0.4361
500,0,2,0.5,42,387.25,23.98,363.27,93.81,BEAT BASE,0.6297
500,0,2,1.0,42,385.66,16.78,368.88,95.65,BEAT BASE,0.7353
500,0,4,0.2,42,411.17,38.16,373.01,90.72,BEAT BASE,0.4349
500,0,4,0.5,42,387.25,23.88,363.37,93.83,BEAT BASE,0.5964
500,0,4,1.0,42,385.66,16.80,368.86,95.64,BEAT BASE,0.7457
500,1.0,0.5,0.2,42,10147.21,6992.52,3154.68,31.09,BEAT BASE,0.6371
500,1.0,0.5,0.5,42,8064.91,5582.72,2482.19,30.78,BEAT BASE,0.7465
500,1.0,0.5,1.0,42,6822.16,4968.78,1853.38,27.17,BEAT BASE,0.8366
500,1.0,1,0.2,42,103890.37,103853.96,36.40,0.04,BEAT BASE,0.4340
500,1.0,1,0.5,42,98087.70,98056.15,31.56,0.03,BEAT BASE,0.4949
500,1.0,1,1.0,42,97676.33,97642.20,34.13,0.03,BEAT BASE,0.5377
500,1.0,2,0.2,42,17314178.83,107578.75,17206600.08,99.38,BEAT BASE,1.1926
500,1.0,2,0.5,42,23084651.91,76432.65,23008219.25,99.67,BEAT BASE,1.2489
500,1.0,2,1.0,42,28330479.92,65854.82,28264625.11,99.77,BEAT BASE,1.3538
500,1.0,4,0.2,42,1140655791559.79,66363.00,1140655725196.80,100.00,BEAT BASE,1.1754
500,1.0,4,0.5,42,2541789887350.70,41062.24,2541789846288.46,100.00,BEAT BASE,1.1678
500,1.0,4,1.0,42,3828933271591.01,35719.64,3828933235871.37,100.00,BEAT BASE,1.2984
500,3.0,0.5,0.2,42,17274.48,12061.98,5212.50,30.17,BEAT BASE,0.6418
500,3.0,0.5,0.5,42,13685.35,9602.68,4082.67,29.83,BEAT BASE,0.9395
500,3.0,0.5,1.0,42,11534.00,8533.98,3000.03,26.01,BEAT BASE,0.8356
500,3.0,1,0.2,42,310848.76,310810.70,38.06,0.01,BEAT BASE,0.3387
500,3.0,1,0.5,42,293488.62,293470.04,18.58,0.01,BEAT BASE,0.4520
500,3.0,1,1.0,42,292257.68,292238.95,18.73,0.01,BEAT BASE,0.5219
500,3.0,2,0.2,42,155824320.08,322733.68,155501586.40,99.79,BEAT BASE,1.6089
500,3.0,2,0.5,42,207758769.18,229294.48,207529474.70,99.89,BEAT BASE,1.7510
500,3.0,2,1.0,42,254971234.03,197560.97,254773673.06,99.92,BEAT BASE,1.9112
500,3.0,4,0.2,42,92393119083449.62,199088.74,92393118884360.89,100.00,BEAT BASE,1.8094
500,3.0,4,0.5,42,205884980844427.31,123174.14,205884980721253.19,100.00,BEAT BASE,1.6900
500,3.0,4,1.0,42,310143594968019.31,107143.63,310143594860875.69,100.00,BEAT BASE,1.9279
1000,0,0.5,0.2,42,777.19,54.98,722.21,92.93,BEAT BASE,1.3596
1000,0,0.5,0.5,42,768.09,33.97,734.13,95.58,BEAT BASE,2.1147
1000,0,0.5,1.0,42,766.83,24.06,742.77,96.86,BEAT BASE,2.4377
1000,0,1,0.2,42,777.19,55.21,721.98,92.90,BEAT BASE,1.3268
1000,0,1,0.5,42,768.09,34.15,733.94,95.55,BEAT BASE,2.1205
1000,0,1,1.0,42,766.83,24.41,742.41,96.82,BEAT BASE,2.7208
1000,0,2,0.2,42,777.19,55.16,722.04,92.90,BEAT BASE,1.3441
1000,0,2,0.5,42,768.09,33.88,734.21,95.59,BEAT BASE,2.0763
1000,0,2,1.0,42,766.83,24.02,742.80,96.87,BEAT BASE,2.5310
1000,0,4,0.2,42,777.19,55.24,721.95,92.89,BEAT BASE,1.3509
1000,0,4,0.5,42,768.09,34.26,733.84,95.54,BEAT BASE,2.1135
1000,0,4,1.0,42,766.83,24.22,742.61,96.84,BEAT BASE,2.5843
1000,1.0,0.5,0.2,42,18717.21,12376.70,6340.51,33.88,BEAT BASE,1.6587
1000,1.0,0.5,0.5,42,15927.53,10453.50,5474.04,34.37,BEAT BASE,2.1257
1000,1.0,0.5,1.0,42,13456.96,9309.74,4147.22,30.82,BEAT BASE,2.8363
1000,1.0,1,0.2,42,195402.96,195340.89,62.07,0.03,BEAT BASE,1.0350
1000,1.0,1,0.5,42,193240.97,193173.73,67.24,0.03,BEAT BASE,1.5012
1000,1.0,1,1.0,42,192936.23,192854.41,81.83,0.04,BEAT BASE,1.8056
1000,1.0,2,0.2,42,37545927.70,151493.30,37394434.40,99.60,BEAT BASE,2.4433
1000,1.0,2,0.5,42,46851312.28,124827.12,46726485.16,99.73,BEAT BASE,2.8262
1000,1.0,2,1.0,42,57580018.87,105901.81,57474117.05,99.82,BEAT BASE,3.4496
1000,1.0,4,0.2,42,3777823374631.53,88672.35,3777823285959.18,100.00,BEAT BASE,2.7345
1000,1.0,4,0.5,42,5839920843780.55,64499.17,5839920779281.38,100.00,BEAT BASE,2.7919
1000,1.0,4,1.0,42,8561385084088.45,51338.66,8561385032749.79,100.00,BEAT BASE,3.2303
1000,3.0,0.5,0.2,42,31850.21,21130.34,10719.87,33.66,BEAT BASE,1.6255
1000,3.0,0.5,0.5,42,27025.01,17831.97,9193.04,34.02,BEAT BASE,2.0870
1000,3.0,0.5,1.0,42,22746.78,16003.38,6743.40,29.65,BEAT BASE,2.9186
1000,3.0,1,0.2,42,584654.48,584615.78,38.71,0.01,BEAT BASE,1.0320
1000,3.0,1,0.5,42,578186.71,578148.11,38.61,0.01,BEAT BASE,1.4658
1000,3.0,1,1.0,42,577275.05,577226.76,48.29,0.01,BEAT BASE,1.7668
1000,3.0,2,0.2,42,337907131.76,454472.53,337452659.23,99.87,BEAT BASE,3.4856
1000,3.0,2,0.5,42,421655665.81,374473.30,421281192.51,99.91,BEAT BASE,4.1232
1000,3.0,2,1.0,42,518214035.21,317695.81,517896339.40,99.94,BEAT BASE,4.9280
1000,3.0,4,0.2,42,306003693282978.44,265993.05,306003693016985.38,100.00,BEAT BASE,3.8297
1000,3.0,4,0.5,42,473033588284777.25,193463.58,473033588091313.69,100.00,BEAT BASE,4.0026
1000,3.0,4,1.0,42,693472191749819.75,153991.77,693472191595828.00,100.00,BEAT BASE,4.4622
